x1,x2,x3,y
0.17938721991477058,-0.08500098195910444,-0.9128380309497643,-0.8507793276576454
-0.9573125737631281,0.5021384089822261,0.4933661580582318,-4.955471847327467
-0.6104870034247707,-0.14322606643200242,0.3916040340835987,0.2535116252783058
-1.0,0.6544738142539981,0.01746130253985001,-1.2500118201896258
0.07618063808852504,0.03060561730748934,-1.0,-2.6929074969521514
0.3424178253983501,0.1602127119552199,0.8617397480472799,0.10895544965332898
1.0,1.0,0.3446827229293339,13.795159170421423
-1.0,0.038605588305783645,-0.017915583169743288,-5.198453309589533
-1.0,1.0,-0.3507996548796348,10.87415655151404
-1.0,-1.0,0.5744938287044694,13.211658515055266
0.2177779071929753,-0.14581249710896427,-0.7132663590601891,0.24372615699339872
-0.4799330732815903,0.7160849249444334,0.7856932861373014,2.1634364248809215
0.5518244164686632,-0.16133598178396524,-0.3205991307985272,1.9035869476731104
-0.8109590918249729,1.0,0.13245979041138245,3.8712408599333847
0.7231983454866626,1.0,-0.37184312578591894,11.56200901338514
-0.17123504541710055,1.0,-1.0,2.9214691848269827
-0.011065240948704869,-0.9188625608569572,0.31469536099633233,1.7358041329806606
-0.20668593963295812,-0.021368833338928583,0.6038917523663669,0.01371518101495587
-1.0,0.6520199860377871,0.7321896693413208,-3.2418462054387303
0.7261001881632227,-0.4945759662697189,1.0,-1.924632037226524
1.0,-0.46227534121275493,1.0,5.652596840792979
1.0,-0.34451732241582267,1.0,7.243955485860599
0.5083164186548121,0.33580577604554995,0.02377862728479574,1.0873632214706783
-1.0,-0.026303200164621066,-0.06490054664628642,-3.4699874089576332
-1.0,-0.1368516930236452,1.0,4.037056023732264
-1.0,-0.09510350340607454,-0.1309936294165881,-4.047461016282924
-0.3096057543556068,-0.8662808087786238,-0.9237103799583182,-6.508229649930324
0.20462876823971832,0.5460110660654238,0.5270909526826721,1.6992070080465433
0.673359308935056,-0.4158063892326487,-0.07775039345259627,1.3937395013127956
0.08004190700034863,0.38533010598636763,-0.6256377757838669,0.5259964707346209
-1.0,1.0,-0.37565582974274925,12.397676334101474
-0.11681728963539872,-1.0,-0.4809501330915875,-0.05700098884555477
-0.08772741241969939,-1.0,1.0,-6.447024321873912
0.375052085725025,-0.7999522288561609,-1.0,-10.675877452670967
0.3609713966850354,-0.34095379654026314,1.0,-2.236111057099218
0.08215277908166296,0.6282098789101471,-1.0,-3.8877272461110315
-0.11812919786974607,-0.21004306395878314,-0.17256086993706532,0.696460171575023
0.11984559836334108,-0.04564374230110002,-1.0,-3.4101116715057627
1.0,-1.0,-0.05706619486002684,-8.40889088358941
0.5995840453585932,0.9608629256494374,-0.7990642306185365,8.792320671681452
0.49792652162428874,-1.0,-0.09356645190296109,-0.15514851655890266
0.17906279359266453,0.21882456361781277,-1.0,-3.073629613323642
-1.0,-0.4312047485583894,0.9401684124392127,5.463418738549247
1.0,0.11565494140242927,-0.22679727995438892,4.357571439358413
-1.0,-0.30917872087562426,1.0,6.329812293826352
-0.5522064527731898,0.1974962912168603,-0.5189094939618737,-1.0697611025538156
0.31469942039557686,-0.5138420541690127,1.0,-2.3572855514123
-0.34967115711352514,0.15762602998905817,1.0,1.1986348604128299
-0.8278913808783472,0.5375830936048285,0.6805907592831659,-1.9560795903017707
0.5090613601731975,0.6344553029229449,-1.0,-2.807546481752686
-0.24516287502786316,-0.5265149898613872,0.14820424107539076,1.3317591100192137
1.0,0.6457784079337257,-1.0,14.701801132723043
-1.0,0.0763184759987261,0.36757832620469055,-4.261918137357345
0.15806618192303556,-1.0,-0.6212388406215885,-2.9507722049939495
0.13580010712280388,-0.2840034292659137,-1.0,-3.824971468807129
0.04696822650659449,-0.07900049177005553,0.46940509339117464,0.47805115833231654
-0.012879696448751199,0.2559175119969692,1.0,0.9447500872892288
0.4558500735548099,-1.0,1.0,-6.345295360812712
0.11622665292589329,0.07067624072665457,0.10278864258751019,0.9420812933523931
0.7240684548645271,0.2762135600995401,-0.4726549613237976,2.0187964792325164
-1.0,-0.8001667553227683,0.1915574493464134,4.389795699163317
0.6690580997237743,-0.5348438577883821,0.2876634946380787,1.7125734647000006
1.0,0.0023373376266162538,-0.5803933930525977,4.948660362460706
0.4209095107273584,1.0,0.008113409875113664,8.40726439233031
0.8259283717697645,0.4656488256620368,-0.7436315555053128,3.006354548918706
0.12062531417866373,0.8322270977213264,1.0,8.233789134625622
-0.10124352159139205,-0.8027179257255115,-0.3481538405633564,2.4310251902471993
0.8251699590567863,0.9363560873376398,-0.7200807981554473,11.17631761278514
-0.42248010396664104,0.26002410986758573,-1.0,-2.43053098061494
0.5530050839730467,-0.4206550385016383,0.44282844444738,0.9163957431350279
1.0,-0.08335174786157307,1.0,11.475473237575184
-1.0,1.0,0.04338738546315235,7.730139375409356
-0.30972259251572454,0.7069765625672646,-0.35116084443447293,0.1463128710751406
-0.7264885404045525,-0.06521834710644914,0.4674871909635847,-0.9657810560706843
0.000961389663988621,0.4947426697157362,-0.724253061586297,-1.0722172230714
-0.009171902189769154,-0.6783133903922647,-0.08779416005234353,1.5103640086160475
-0.28742797438216217,0.4995542902396113,-0.7694428831082964,-0.7625569107839869
1.0,-0.06907682416671257,-0.8888631195881269,8.344556640463676
-0.9558121018003336,0.015489927538546944,0.2864354451458542,-3.2016116151883804
-0.4656445693855442,-0.41503888295087576,-1.0,-2.374418435018062
0.471948470898093,-0.18864205482297192,1.0,-1.886534261069086
-1.0,-0.05835376418601124,0.6748906877657999,-2.703541108305557
0.42855020869651694,-0.1673305912099896,1.0,-1.2013091341592994
0.7609166280017536,-1.0,0.003875617841808232,-3.5732708596852722
0.5072714716101179,0.29309381320775185,-0.09478048219206858,1.079418289361314
0.8219698928915073,0.009431813107681819,-0.24326585346578034,1.2300188959044127
-0.0406059625508588,-0.7705607198327642,-0.9518602012546531,-7.136912026656687
1.0,-1.0,0.18993821734911243,-6.572567390605513
-0.7627872517307526,0.46595386668675154,-1.0,2.4573297955450237
0.1714619037609375,-0.1464050893235953,-1.0,-4.56155863081724
1.0,-0.01314170182570451,0.17902677015445922,4.327016661513528
-0.3314021993543803,-0.17125361273136508,1.0,0.42756272660661976
0.3704071669441249,-0.21770870987598645,-0.8163867670595639,0.8942713371053292
0.31356621575954957,0.09329438442060467,-0.001456221915197231,1.2213315699465332
-0.31382299214219556,-0.1731093503297807,-0.7716516706380241,-0.13503819427511668
-0.7273218222247224,-1.0,-0.7542671812767741,-1.3811191975789778
1.0,0.7746307363000071,0.4412840101648676,10.719813595345467
-0.1809862060712264,-0.23518383049531688,-0.10448799631479844,0.6521396015857399
0.11900737719314924,-0.08399528695689673,-1.0,-4.094590932924155
1.0,-0.08501642296314071,0.3494227489544226,5.013403923546065
-1.0,-0.3597363895250294,1.0,6.9375333406158335
-0.8297789623176259,-0.5657789997122251,-0.8269821840812459,1.674070498520007
1.0,0.29952393578928604,0.9475467278500014,16.26782825068008
-0.6504457799984855,0.22644129870054175,0.18583702570799931,-2.7352497695181976
0.4590079708440582,0.6979982273684011,0.7668735287672757,2.9499516931598446
-1.0,-0.3861348728116385,0.5402460340411175,-1.0246438660732247
0.884459998188901,0.4902069578727082,1.0,13.761283453512652
-0.09130647298515737,-0.6266062825535672,0.8967690810420907,-0.5751755096546672
-0.35470339067067025,-1.0,-0.4890977667463834,0.8759019475097957
0.44427720242850866,0.36196913093419547,-0.22456118994521224,0.5357903647889336
0.047654228834779655,1.0,-1.0,3.9950689209428845
-0.848580679326121,-1.0,0.5993695046919627,8.917000174297252
-0.07111297975955355,1.0,0.3862571267127841,7.553027922450941
0.41430838866834807,-0.46052206464352996,-0.45650193518677673,1.5592140855659185
-0.5207082437489099,1.0,0.9040095018903269,12.618815852083635
0.006326064743212401,0.3172662720404307,-0.7717679758347771,-0.32849564329853154
0.4098880760675203,-1.0,-1.0,-21.484642541932914
-0.3132686030137042,-0.5604334392486678,0.28746338516282055,1.3259756226389292
1.0,0.5564125993842384,-0.17921712530818068,6.346708871859296
-1.0,-0.030069102177319174,0.4619176620623704,-3.9961200914469868
0.3800408125279484,-0.43591236607876405,0.14035311952711838,0.39582604444852765
0.5287111296492506,-0.6414189966750392,1.0,-3.152082184427759
-1.0,0.19859483432353886,1.0,3.2476847491736662
-1.0,-1.0,-1.0,2.74318954792516
-0.22054640691583738,1.0,-0.4794341972385676,8.75750179199989
-1.0,-0.8197596855604061,0.08086286487770522,3.8413207835805276
0.05809089025742753,-0.3347817593828488,-0.6942686443483281,0.4392853956267582
-0.08456647282832885,0.4793521881801168,1.0,3.172366026513365
-1.0,0.7439252166290677,0.42107383390996667,-3.7812636078083637
0.7372564694894606,0.22137077331212685,1.0,4.714325105999523
0.26747002502772377,0.7272665002238512,0.02591696417390077,1.4560123039237818
1.0,1.0,-0.3825659508983099,18.18082550224597
-1.0,-0.8016736149237247,0.6989131480858493,8.60949260349521
0.8073319403194519,0.5545173341160725,0.4643846864355283,2.8270911749940355
-0.651523152964333,1.0,0.6842881141080863,5.49467056154844
0.4662278648231144,-0.8901925504715849,0.13821706894693397,1.0633623710171043
-0.8748094785717082,-1.0,-0.12074716696650767,6.828958977487263
-0.5786027185608367,-1.0,0.03083225425081637,4.550874499830075
0.978091695313485,-0.017869351652824994,-0.46122551962972147,4.580320320443995
-0.528111526659554,-1.0,-0.5207558753780954,0.6498849249552799
0.18586583598059248,0.3010856656019212,1.0,1.7886167042816323
0.4063500437165306,-0.8323063584137267,1.0,-5.450395627519717
-1.0,-0.05403733872003391,0.3464981898120272,-4.221646804588344
-0.146387960863809,-1.0,0.9360218345943905,-4.69460025973861
0.06363547078033349,-0.3777850598961294,1.0,-0.9855090468602645
-0.6508587578970437,-0.10920829508941798,1.0,2.377481340540387
1.0,-0.10820140918672494,0.7934440005112786,8.095198844290731
-0.13300405101837587,-0.6575435349281076,-0.49732569033562735,-0.3886154931181338
0.6016982120028429,-1.0,0.0847976535500099,-0.6312786850627699
-0.8492525753566178,-1.0,1.0,8.0152323729397
0.3075590236470116,-0.11463449755534572,-1.0,-2.8342838093428906
0.7544194430869773,0.1906109832456333,-1.0,-0.05305654529143804
0.45376323167809396,1.0,0.433556104439357,6.524031593270872
-0.9325383883404661,-1.0,-0.7974812346235409,1.9262712213554463
0.4231353197688301,1.0,-0.2476733106188156,8.831717946438374
0.4914535545433427,0.7021105331489861,0.10226460113263136,2.2988727769520625
0.5249274127651047,0.263629460936637,-1.0,-2.184074297094799
0.49942203981919664,1.0,0.6990036774288497,8.739709143469865
0.506928241379182,-1.0,-0.31245866077137796,-0.5993160357694787
-0.19772047674559756,-0.01890421235169204,-0.5972804529419415,-0.04930239375219009
-1.0,-0.09864013062994648,-0.9043038032420525,5.5382754239467875
0.8174320881216415,0.2919949747419823,-0.1535476816184873,3.29185734469631
-1.0,0.9239205890727991,-0.8753867778772315,14.904372027523303
0.47404225362619123,-1.0,-1.0,-22.17307973644633
1.0,-0.8708419271032097,-0.6586215176807872,-2.013820806955337
0.21039822784795104,0.8152814404856679,-0.2330714871126851,2.14728249158542
-0.4742841362401642,-0.1619507520021497,-0.20147351439518846,-0.10943331309904389
1.0,-0.31673084113464434,0.5107922526923774,5.783038467270413
0.16294457908140947,-1.0,-0.25156288581620556,1.617393782062061
0.9119888876599,0.4470161406893107,0.14421008938851632,5.09926306752414
0.23348275600556723,0.6130712028799645,-0.7436840092160997,0.9754327938808685
0.3552489067155056,-0.20154865688031154,0.14091340603392677,0.7461403664162729
0.5075142919966837,1.0,1.0,9.513758076662498
0.0017194233944872739,1.0,0.4542911816386719,8.106008167680791
0.4625085196483558,-0.26280497001608705,1.0,-1.8797024599873955
-1.0,1.0,0.5809509665224517,0.7049486753661747
-1.0,1.0,0.5352991948755272,0.7493020139363695
-1.0,0.018147726478974224,-0.24414947115541952,-3.266338170298781
0.7769150012166082,1.0,0.2964479104775468,8.782365658250539
1.0,0.8597565689114874,0.08703284311055048,9.886835024398373
0.0231469589973885,-0.11888152312211808,0.7298506963207136,0.1366757782407716
-0.10446468636484041,0.0910015018485526,1.0,0.6461630832073602
0.7809756373910537,0.7835504699783045,-0.39888495020345593,3.690984300067413
-0.5179475603088002,1.0,-1.0,0.5771095606770139
0.34753868957939305,1.0,0.23639096780171176,7.087466208380202
-0.12127808590440714,-1.0,-1.0,-16.38206505764498
1.0,0.3450539462938038,0.8360109440038823,13.504761516075009
0.7223508466358339,-1.0,-0.10756186285498548,-3.310111909801007
-0.841005734095907,-1.0,-1.0,-2.8812331408501226
0.08689276158803927,0.289692256425482,-0.05951485481823671,0.40331562163767204
1.0,-0.0694692685696332,-0.2225680549953135,4.543687683546477
-1.0,-1.0,-0.1653430898211481,7.050137718408157
0.7954363752777134,-0.8129880409401153,1.0,-3.0885660875633367
-1.0,0.6047444654358229,-0.20636584802373892,-0.7529974050388157
0.07366007341901892,0.850313046867905,1.0,8.489285961419377
1.0,-0.8705325132885819,-0.5801299418432859,-2.3324839361430976
-0.6103070209477095,1.0,-1.0,0.24417504415656097
1.0,0.3752057737027181,0.01827613938319894,5.822115114467534
1.0,0.5257090624672802,0.08984817231909092,7.42359894819999
-0.4758195734800392,-1.0,0.3378075791564521,2.0864300732291032
1.0,0.28642387428455796,1.0,18.299361892225818
-0.047281399622236764,0.7378134623993813,1.0,7.034684096096568
-0.8270740076396839,-1.0,1.0,7.420690854976315
-0.046851560175100726,-0.21517156937026116,0.3578623054882333,1.6372180824997908
-0.44751950761019166,-0.275167352752272,0.16785572168496965,-0.13042018328588645
-0.23875804491615016,-1.0,-0.9925289370640578,-14.626199789509982
-0.4416983201370306,-0.471750221239398,-1.0,-3.2862569126387196
0.0894153190919651,-0.6515203763921595,-0.19904819929441842,2.1678061329602025
0.050223776716621815,-0.4016071852957397,-1.0,-4.842545620292416
0.18669797142504962,0.6715216828772514,0.5619702991336177,1.6692369315784288
1.0,-1.0,-1.0,-29.71927456729489
-0.3638537455081219,1.0,-1.0,0.8246501727838059
0.7099706649548074,1.0,0.6549781726329107,8.973943005119093
-0.029062548189251913,-1.0,0.37348932316236017,1.066319807834854
0.44900575425850375,0.3971451246630324,-0.2950757552948724,1.0981161501239876
-0.1542200818184878,0.40555615480886065,1.0,2.7627690310025934
0.0017091127735360256,-1.0,0.08892306672045014,2.0206023546300615
-1.0,-0.35378986633108167,0.578504183789142,-1.5315287911646833
-0.9845999740098801,-0.42956155013320596,-1.0,6.4589215752992235
-0.58948821391209,1.0,-0.34352348408917854,5.20773522291446
0.9220981857443837,-1.0,0.548625705990909,-5.396058752224367
-0.1012447074841345,-0.1840709173621511,0.621616219403758,-0.009239489896757547
-1.0,0.30271246304423394,-1.0,15.209955872578632
0.7547201819561677,-1.0,0.6662391508431644,-2.7556195530924854
-0.4330453062051356,-0.6718647034508178,-0.13532492016927788,1.647712385232356
-0.12715921618618165,0.2255468353130765,-0.1227317339295213,0.4643814423133402
-1.0,-0.1674302947078845,-0.6560042379022981,-0.3612560510589462
-0.4681247414995722,0.9035734106686764,-0.7339274989573614,0.5941239629516454
-1.0,-0.482434961366937,0.6002271808780064,0.2816493084778193
0.22583713194012267,-1.0,1.0,-7.028288235720195
0.35087455222105746,-1.0,-0.34659986680074883,-1.2964916955524746
0.11424864997283124,-0.5961114222935482,-0.372066232416556,1.3066122644619913
-0.9368210825062118,1.0,1.0,16.235675761208427
-1.0,0.05719030094936661,0.2202918365855786,-4.665929609245767
-1.0,1.0,-0.5705318836431954,12.077795131833756
-1.0,-0.5318140428821256,0.714519107287811,3.7360667592461856
-0.41530956642629313,-0.0954554472789273,0.7094305305065023,-0.28916782189108436
-0.5036749890334933,-0.41434453594505527,-1.0,-1.6817236758036893
-0.0491056327783177,0.08939975869777839,-0.10830878013419665,0.44863090873176514
-0.5862980246648419,0.9457095041475225,1.0,14.006492830649268
1.0,-1.0,-0.045306920531886785,-8.556950921499308
-1.0,-0.2934079893183801,0.606763908176434,-0.6423339821913254
0.6389685530001723,0.1880767788599782,1.0,2.3170890975263188
0.9043912050565981,0.270807639159947,0.8526680119640124,8.600721789190922
-0.7831594771651966,0.22287842162527993,1.0,3.445514751404341
0.41322326184667646,0.0878241229370933,-0.2142327751559545,0.5711537023052619
0.38401060464353876,-0.3732202548815491,1.0,-2.1286457286234413
0.065313558224805,0.7287566296606383,-0.40523959289476297,1.3669248571269
0.16469095059514127,1.0,0.15012918712892942,7.27933834866626
-0.16465977359079753,1.0,-0.14667559957145948,8.322508149134046
0.8693193598106022,-1.0,-0.8644745100318643,-17.24290417833841
-0.5208046389516987,-0.6187858607496228,0.30222220447270254,0.9861767536373918
0.11000795267344521,-1.0,1.0,-7.094990296509089
1.0,0.4830217505466061,1.0,22.461165476509606
-0.4687607419711399,0.32336736250026576,0.2061785449923086,-1.1203185718106135
0.38063961636969057,1.0,-0.31583167085123254,9.755045635752131
0.3911624342663389,-0.327507473381907,-0.22247546496556447,0.9484120745192386
-1.0,-0.5995853518342242,0.8967886343353002,7.774649207301689
0.14501610902497997,1.0,0.0401206921175743,7.819587255812841
-0.23539357725436894,-0.6569789842893385,1.0,-0.34036904147524905
0.4419629119948094,-0.29444122240055615,1.0,-2.385147140682847
-0.7367464654547802,-0.31673816281010714,0.05472734122236789,0.40155533258325077
0.09397735345801417,-0.7388042584055254,0.8342127210999171,-1.583120542914414
-1.0,0.00015899498547677915,0.4367867706202706,-3.395730480637925
0.8428505613604658,-0.07672575666403292,1.0,4.2421391802130435
-0.03578615634388105,-0.9282689263468191,0.12579245874758205,2.3954336944320023
-1.0,-0.19867350458143895,-0.1761200699067189,-4.339709464471172
-0.34786534002661496,0.16730649811527676,-1.0,-2.1902509386929188
-1.0,-0.8303501924830181,-0.24857659702309198,3.4572162349554003
0.9929278370131676,0.7166032504829736,1.0,24.600288562331546
0.6676580345698291,0.8502337201479209,-0.06796838883126033,3.37310563912695
-1.0,0.632863857337566,0.2269999600324608,-3.404861484876051
-0.47708659174053825,0.5400203173441989,0.11885979795370138,-0.2972889433005168
0.7629491268519528,0.20803201905001778,-1.0,-0.20938999694887805
-0.3990655183825813,-1.0,0.22550572437799454,3.007514512804128
-0.46524239132558654,0.5078229013009976,-0.15678366500691698,-0.6948542618376321
0.10686875864267331,0.6278983324903726,-0.39118357951929617,1.217497179674715
1.0,1.0,-0.7754851131616223,29.152874648817637
0.2130727642384791,0.04028689377553629,-0.20990190242753348,0.31142028474350847
-0.44826029654824184,-0.42416326702905627,-0.5716763827438232,0.5741015389672735
0.547847669026984,-0.7146952305841834,1.0,-4.111896261296829
-0.31483763330706194,0.5272050885883435,-1.0,-3.6094139959152214
1.0,-0.5300136737116152,-1.0,1.056384226239727
0.3890580908095873,-0.9437298410575121,-0.2419609284053994,0.6186848409300626
0.20842117203004396,1.0,-0.208000756787053,9.141466595109591
-0.6018464812923194,-1.0,-0.09083733090516444,4.311599617753248
1.0,0.3220045087665855,-0.0757217387571969,4.948386570407424
-0.9665515103469011,-0.6435232609510249,0.8577769939449886,6.947081731706856
-1.0,0.03920864541406921,-0.22283217712186287,-3.842636003143578
-0.40292019064432183,0.21036880162540372,0.309220471888507,-0.8528199249396107
0.5209111646607845,0.41211553560000214,0.003232633258277051,0.9670861984670887
0.844788167425542,-1.0,0.7077372441177856,-3.4023437606289897
-0.9936503769890794,-0.7182504153885398,-0.6460857276276211,0.41263649650729217
-0.46697230229705977,-0.09870395020069966,0.2812935620929191,0.1186561456524679
-0.5149425227140612,0.6479971451926276,0.23900787732573403,-1.0241651193660597
-0.277833420921312,-1.0,-0.8577516869607527,-7.855140664328802
-0.3093590084762017,-1.0,-0.46291305901782653,1.1927286481519659
0.25440551736948946,-0.36412984822445016,-0.510411393876393,2.2094039725890293
-1.0,-0.6686662576494664,0.4571287147421439,3.107914158129387
1.0,-0.14216138515441012,0.7324910667167257,6.436778806309711
0.9692531842170591,-1.0,-1.0,-29.58418786533752
0.37897842775303303,-0.36983309489264427,-0.7248434502032168,0.6059359462113216
-0.2373877125506847,-0.022333688553235698,-0.5197899748185177,0.7691884576115882
0.8110293332559573,-1.0,0.8015977017399198,-3.8234495430125377
0.38381139490281835,-0.8429323866482579,-0.029356452223001428,1.8206477134773265
0.1663310573968657,0.8478080810698374,-0.2357080444097004,3.290351887552599
1.0,0.28110010693373977,0.598588903207738,9.089890515559617
-0.3366539250026719,1.0,0.0945473157327934,6.449185163708008
0.037975028690177215,0.03630820419053937,-0.1157443438297645,0.33177883552551135
-0.46784795347010966,-0.7480437073435862,-0.055630500936999505,1.9642252845671506
0.4278317064701185,-0.46074292465045197,-0.10031755264439735,1.080566646420897
0.1379818764826619,-0.09957802832129903,-0.2306207899993329,0.8369174818237111
-1.0,0.1811736827546968,0.35509605022714674,-4.71739135340292
-0.820309720194208,1.0,-1.0,5.4702465632015995
1.0,0.6245857727065256,0.10168497864712323,8.158776698604699
0.5173443025045539,-0.1772874268525808,0.689184463536133,0.24240469633991313
-1.0,1.0,-0.4232693822650513,12.300064415790846
0.37436435046593997,0.9621100970387197,-0.6431255119967971,8.667519971101125
-0.9663568209142979,-0.2370767239556817,-1.0,8.050764228084121
-0.7577915699768547,-1.0,0.07334997940946764,7.35362771361584
-0.6062015912675718,0.7178375444190677,-0.39624740431625094,-1.455984125905536
-0.09478806430719744,-0.2306779785281461,-0.04036704207902453,0.3916108573824992
-0.8287185447125374,-0.20812348820012772,0.2791770076374196,-1.42172397304636
0.6997298814665369,1.0,0.7676084990043741,8.70638123464831
-0.6407571655662039,0.03085922928225826,-0.4071446620916823,-0.5426189647303931
-1.0,0.20680418076908658,0.89634897717851,-0.14903841938121848
-0.10734650376951804,0.49849240289090235,-1.0,-3.907539361764053
-0.43972319974734964,0.04787375039420816,-0.8979856484267685,-0.7828217020599678
1.0,1.0,1.0,26.38796259874038
-0.7826278179230115,-1.0,0.1915885508655648,6.755703793387988
-0.22933410530738652,0.7078693697422669,1.0,6.432299013372681
-0.7443990470837059,-0.4593479700409788,-0.27068213058105184,1.4211074377318254
0.6960360255160947,-0.3019186739314217,-0.048273042524481946,1.5620247772630607
0.8501879965276953,0.2909293594196751,0.42329530443717966,4.468574728375493
1.0,-0.0015169649120285733,0.6043375676624847,7.142884306776379
-0.17019259326888259,0.23025929296494252,1.0,2.3927377443705535
0.35693397410688843,0.6707850511169291,1.0,5.130570845189126
-0.7320209726126412,0.665770540968224,-0.5093482544753878,-1.4116930591553303
-1.0,1.0,-0.24744192341666826,10.490180694737537
1.0,0.4954280560997131,-0.5226457960399942,5.149818130174611
-0.7020895858168292,0.5220075237937343,-0.1466644672079478,-2.465195190159826
0.6376346438833893,-0.3007924921108833,-1.0,-3.7818724763702694
0.7292584675324252,0.6299053653026443,0.9018059187395033,7.288108220625325
-0.1885263538145323,-0.009306770047577517,0.0667041970791522,0.6440814466185992
-1.0,0.8352981870302212,0.2872002817765835,-0.2094588542927786
1.0,0.11036528270410173,0.9427586893564908,13.375152297436925
1.0,0.041950765991694006,-0.6113568093587947,6.100647009952649
0.6824968413663364,-0.06633920277667893,0.011642988377874586,1.9917459527769834
0.29876135591136155,0.3122956697764192,0.08921579329074181,1.4336814364761699
0.7285929405697804,-0.0995760325427879,-1.0,-1.4291094046232546
-0.005375200855846529,-0.22066355484989364,-0.3961641804092164,1.078111645617055
-0.33058334504244824,-0.7861791677081078,0.6720691854158556,1.502740419534137
0.04548327847962774,-0.5508055984284661,-1.0,-6.726122685518292
0.7136172666091967,0.46524374566679083,-0.4723089500055917,2.460554344607049
-0.15846709493703393,0.15477602394326717,0.5360882393167423,-0.6331555655207848
-0.8240058138297834,-1.0,0.1779574203270038,6.291740948511098
0.547931862691075,-1.0,1.0,-6.792348807198074
-0.5018083480520712,-1.0,-0.5627892069059248,0.5203770447731022
1.0,-1.0,1.0,-8.868969618552988
-0.12775871284081353,0.7299142150871529,0.2567932839413607,1.0304134681818762
-1.0,-0.3577659479413524,0.5009645719793689,-1.3024913651230576
0.25348959399358884,-0.9268799118165536,-0.8286202342673994,-6.662279225568631
-0.4565342616733923,-0.8133294471603887,0.2549982711602179,2.149948238008477
-0.04811001089992928,-0.8003799752372251,1.0,-3.239882164288353
-0.3356352700525673,-0.22724072942515128,-0.2824690271878727,0.7427242319885078
1.0,0.10424654313815496,-0.6167309922485613,4.8741663004476425
0.5223849297459504,-0.5572716590280198,0.22915778089793593,1.154890826143098
0.39231988207787705,0.5840374090217506,0.21046039852537146,1.2561792972746315
-0.3221270932336806,-1.0,-1.0,-13.577415608106545
0.46213962258528496,0.9259574139872224,-1.0,2.1750020117973996
1.0,-0.29329660559024706,-1.0,5.775529062633334
-1.0,-0.35431057869131943,0.0020187208849140603,-3.135315886716849
-0.793061142230236,-0.15267661733448512,-0.7722522829545804,1.212051123106744
-1.0,-0.953610666706211,-0.8005924709521375,3.1637800323361787
1.0,1.0,-0.6087899458811223,23.456309691195987
1.0,0.8831187564241993,-0.6569105894756553,13.641493554296996
-0.9614427413483291,-1.0,-1.0,2.2758380717729385
0.12181695040080776,0.7403330754261281,0.09192854139613238,1.817012773048263
0.21060207337319237,0.11403983991302646,-0.8818558984492619,-0.30334996642218104
0.6589051702140059,-0.9228407848419493,0.5609630220152853,-0.5058427298204268
-1.0,0.8604293611972966,-0.7945459025485011,10.654822583638337
-1.0,-1.0,-0.14678341324290223,6.185609285080588
-1.0,-0.6176649234873526,-0.4051762013328566,-0.1045800561003759
1.0,0.09142747926477357,0.7496233765526434,9.715211095917477
1.0,-0.006929514903483147,-0.9769576457303799,8.27546827849925
-0.0519430093455886,-0.3344055175432574,-1.0,-5.327931000207471
0.6772738045633131,-0.23235641824070674,0.21464800052395883,1.7710067454932612
-0.6709044037119576,-0.1351501642441577,-0.3415153300437679,-0.39995993972436616
-0.14137065570221163,1.0,0.22500596022408437,7.674119636840157
1.0,0.2129481189710387,0.5819745719802101,7.955843917766206
-0.10629602398743221,0.1456754340014217,-0.5442238285620256,0.552850728366
-1.0,1.0,0.2683843846020597,3.9005257054780076
0.5945003757887768,0.6818000005208456,-0.4820208842668605,1.349403777409439
0.5326394527734324,-0.25566885161314956,-1.0,-4.136779624306438
-0.0959981106433534,-0.2748558974010602,0.26069505094076284,0.08872133184037795
0.4171788960638694,-0.04413472648123484,0.5531122812358888,0.8462075140044427
-0.016510809101299984,1.0,-1.0,3.686118966312359
-0.9134361308108743,-0.8425294729512649,0.5332726640535776,6.527201759972589
-0.8919470484380105,0.8939923180547718,-0.5682635635917124,2.803858823890737
-0.1507894787039452,-0.8086966372693303,-0.4357431317511975,1.382547753422078
0.6534606400039498,-0.28170400333779577,0.25623227365518164,0.9245736384912481
0.9619266848686963,-1.0,0.17213018781904532,-6.7338959208836915
-0.4366286997894242,1.0,-1.0,1.1129807975904724
0.3932463610272301,0.026896606906296805,-1.0,-2.905869470496453
0.597857569624362,-0.6441026941937498,1.0,-3.7993990650239278
-0.20754288214847327,-0.7193108183467034,-0.06463426157773444,2.01032563455713
1.0,0.20269613799727937,0.040149268467227994,5.773073164617811
0.5409307507319554,-1.0,1.0,-7.893344857498622
0.3044343421638587,0.41525360295522673,-0.7200535813411562,0.7565849842064128
0.4449613213020118,-0.4210901813085217,-0.16923200901007296,0.47349496221817244
0.6453150941135928,0.7938207403924422,-0.35044617865612415,3.4642057806046904
-0.7008281688826552,-0.7849405304657877,1.0,3.4400734373939383
0.20110944990562873,-1.0,1.0,-7.063911266481903
0.7291258052450635,-1.0,1.0,-7.096500813105736
-0.9691612851367395,0.6725320635608627,-1.0,15.53162393406498
1.0,0.08029438572581604,-0.12317834667348371,4.913437696754461
0.26667786114246095,0.5855477934083453,0.2608769763074601,1.8415705793772852
0.25954603974982016,0.24111203542894466,-0.46559244891374196,1.2151613960558834
0.63424706402379,0.44912758711654566,-0.3332591377711407,1.8187363887955623
0.5328288086387609,-0.3138922764286125,-0.1568523813929954,0.8971708398760887
1.0,0.39818390612969257,-0.053914783208611095,5.701283962391451
0.46296688171160905,0.5669457147935857,0.8667960812119873,2.1307109726677465
-0.056743479455302115,0.21033183586914572,1.0,2.0041464732223355
0.8679533632634031,-0.20256381247320965,0.40382235077978756,3.361723159176374
0.007590584710381876,0.4362280664266873,1.0,2.0271955499144787
1.0,-0.44971384805952286,-0.9928084229514695,1.9882427972904355
0.21680895333484118,0.04168652034014775,0.3618711601085056,0.5790558833982105
-0.5050442926092085,0.4933251392917093,0.864045752414109,1.1814706993188007
0.7466877921166599,-0.0948063762781739,0.377635647365838,2.1405820417733836
0.2724450870827124,0.7300333583815133,1.0,5.668274649046827
0.190085504367973,0.6129273675518101,-0.5809946903466636,1.5763700875652333
1.0,-0.2283660279287305,-0.11572140048931212,3.5125631750365818
-0.16651450230676557,-0.17055433985286883,0.535192222638436,0.1861871848995464
-0.4735697315473988,0.9230286116000068,0.07486502519112048,3.493788422516978
0.07525263564429796,0.13945044282515218,1.0,0.4628993532694379
-0.024442596503459812,-0.8078725516427714,0.3198855387076369,1.281790443676022
-0.79301675073403,-0.10135261609801693,0.43270389635043793,-1.7323181843622741
-1.0,-0.2869425685442446,0.2264635272154678,-3.35138907347648
0.8146242839842592,1.0,-1.0,17.717122547071668
0.49748792137240017,-0.8856995547261337,0.3118448161333405,1.2253226494310612
0.7044257545342447,0.7153567298330403,0.3345182091412624,3.096426990972336
0.3905652490143401,0.36767039921027367,-1.0,-2.22662375524842
1.0,1.0,-0.05766362641973277,15.432731565733675
0.8989063191923949,-0.379283134217536,-0.04719880227291595,2.9798544617241043
-0.2039349543718869,1.0,0.4218437876251129,7.356777289515031
0.2903914987854508,0.32532691967078464,-0.08799168951876069,1.4021994620582183
1.0,0.20401767363362522,-1.0,10.235132771100854
-0.4258927348826569,-0.6567155892607908,-0.3343403516137493,0.8174523477335834
-0.3810869120074176,-0.028790576797151246,0.7135589415191101,1.2787896203238203
-0.5387410803750308,-1.0,1.0,-1.9689865294091144
-0.20713345534997396,0.9288379207799984,-0.6533033597447435,4.492151272195802
-1.0,0.06592697119403912,-0.01967915105612872,-4.687080552838854
1.0,-0.8690507970939736,-0.6909508021267536,-2.478106520603274
-0.4681870447377625,-0.23877837333718577,-0.4056630025488601,0.25332678638001455
0.47547424060662413,-0.34825004981580077,0.46638085682004804,1.6871623280498882
0.42274534652970486,1.0,-0.5034911201975767,10.475536583915675
1.0,-0.11129951080134348,0.055901469076087285,5.207052549721505
1.0,0.09502122449622852,0.1091361179491055,4.849169919411252
-1.0,-1.0,0.6198151660305067,14.221808764159622
0.01606550290667008,1.0,-0.0666863057999747,8.161079319167431
-0.8702473675701636,1.0,0.9836898960791502,14.385806709024187
1.0,-0.050834031657048806,0.31190448078038857,4.905582375005774
0.037826658061493434,-0.09550056037283272,-0.22308069701389854,0.8723684896151525
0.16360074198438723,1.0,0.014856982568201893,8.076450636466532
0.09579649122460832,0.4883444786688924,0.5003768512333455,-0.1482357884592217
0.14090758953185412,1.0,1.0,10.80391554685553
-0.7482128296282327,-1.0,-0.9287693300673658,-4.349970746925516
-1.0,0.22965587829135048,1.0,3.662698091874505
0.26020552462446744,-1.0,0.5236569516843466,0.3304438242588665
0.2655059047668722,0.38377929791511844,0.221638482227565,1.199341610741687
1.0,0.38578248646094804,-0.5432474368187323,4.968391884141451
0.0016219606381528973,0.13737046194568348,-0.4314814141080725,0.966022205541836
-0.03649424251738154,-0.3893716799970086,-0.24511245296165063,0.20477023497286662
-0.2875851344646849,0.8410808538605501,1.0,9.458369271824655
0.5597514618645834,-0.9382241042428856,1.0,-5.449432567644373
-0.9779772097748785,-0.7104896512661185,1.0,12.502881688203011
-0.4560158097656246,0.3907412148328584,0.08774373135825475,-0.7867065331110485
-1.0,0.282165265211497,0.8470921038304335,-1.2473175927633742
1.0,-0.5496778884365892,1.0,3.5250970827062216
-1.0,0.5616752515956329,1.0,5.611406769235078
-0.6015927564635402,-1.0,0.7126097758794416,2.7456250083943874
-0.7739644527864735,-0.6696381023325619,0.09622260360555779,2.214602914064939
0.12533898056734616,1.0,0.4331655049263594,8.264629968172851
-1.0,-0.5785865596836726,0.2553639109210888,0.3114004205437467
-1.0,-0.11871764544843355,1.0,3.8529704016282853
1.0,1.0,0.4509629013761407,13.625183867291309
-0.43350612202738414,1.0,-0.2099071313750771,5.720774028616627
-0.19296502308562657,-0.9455271207889502,-0.36130422763228953,2.6313807092640977
-0.4407633194741285,-0.6179667146052581,-0.5122758406894978,1.3171705246886676
-1.0,1.0,0.5779515201978711,1.0473423092853604
0.01967307864507717,-0.34574838178044365,0.8020244064684996,-0.917446612940311
0.17429246106523277,0.05695355307038863,-1.0,-2.637661031418252
0.516508263296974,-0.9254058363754929,0.14510616424918243,0.7373303414239434
-0.07819304335866462,1.0,0.015571017884892013,7.975284769427011
-1.0,-0.9528796954448673,-1.0,3.1263251268648897
-1.0,-0.8737299381162644,-0.5254701325209254,3.249869586915395
-0.4706611546554751,-0.481288592908133,0.6549507642848411,1.479865334121114
-0.8582876674575293,0.8284512979309702,0.13065238827952497,-1.0164233005489733
-0.9168810930466254,1.0,-0.6167858244971856,7.2522818892688585
1.0,0.5331299295182004,-0.7933455878972084,7.6589470075981705
-0.20761154790662983,1.0,-0.5501720643745005,8.089545900520145
1.0,1.0,-1.0,38.9909303796187
0.2067238673024705,-0.26435036156752645,0.8803485519808305,-0.17155520933712365
-1.0,-0.7032010928296053,-0.18574117486362707,1.5347664751150203
0.4574571787722854,-0.567029499490145,0.3687662053847298,1.9084582865226718
-1.0,0.6218018288578695,-0.8111493216638808,9.016659568219435
0.14742867728800269,0.5427812449043434,0.27735373611121683,-0.03713537619937335
-0.8688435196675715,-0.9108731975279583,-1.0,1.045119327161414
-0.29842838027668406,-0.41459136057071233,0.1787958395053979,0.07467755761772077
0.3021935907939115,-1.0,0.39736094992192506,0.4155220260353358
0.12860994392716196,-0.14898640981318945,-1.0,-3.567896807160483
0.7462358490026038,0.728265408986216,-0.023678028255473604,3.249930468380274
-0.17612352997702696,0.02588624322900479,-0.45092716499708296,0.708919055605744
0.9640937792598807,0.0514804294272353,-0.9876275248121027,7.411144907632114
0.6285676691388808,-1.0,0.4963247359323051,-1.220119181676538
-0.9261911220793233,-1.0,-0.34467360422857163,5.715060594332127
-1.0,0.4195564314580855,-1.0,16.415511304503237
-1.0,-0.9411959761357946,0.8192911918038097,16.348160410688376
-0.0987990331548898,-0.29510373677636936,0.06357717144676256,-0.1051472968728232
-0.925853754648241,-0.8055843299261642,0.5215358124031246,5.372591707125953
1.0,-0.3003250629397649,-1.0,5.499163869806229
-0.933262662191013,1.0,-1.0,13.216161578005437
0.36594257620430803,1.0,0.4227419559018981,7.366906853417856
1.0,-1.0,-0.4616974250544008,-10.621159876295831
0.7311960761408811,-0.8368804556835336,1.0,-4.811640369801624
-0.32745673532523223,-0.3072933222785108,0.6827262033551336,0.6169832769947191
-0.7428627455052041,0.6296890602036385,-1.0,1.4918512527368124
-0.7634031101586227,0.5664685394764801,-0.8125272576363516,-0.19006314643587308
1.0,0.4418326250025555,-0.5355659355605422,5.720726038192201
-0.13669744797375527,-0.23011480060633316,-0.29312577031543463,0.6397645751922086
1.0,-0.9176606296539798,1.0,-5.664327317022366
0.6848067254387731,-0.2582990125941238,1.0,-0.737202857017196
-1.0,0.18260198847121423,-0.9538350254213639,11.086819061029852
0.6338603075327387,0.5746252739279978,0.31969516272379894,1.531359636446675
0.6960478836582211,0.21500941324798828,0.3954013439366506,2.5373253838225005
0.410674875351112,0.12223693051979478,1.0,0.9270206669461633
0.6004342563472747,1.0,1.0,9.944816285326386
0.6290513271145013,0.20788448453076636,0.07570246274469783,1.714877233926005
1.0,0.4007375482549349,-1.0,11.531525178718546
-0.2783712971162384,0.19812270613052507,0.15369363879142228,-0.8149637686383576
0.4088718853836917,1.0,-1.0,6.887073432994145
0.048775540103377146,0.17397112067940657,0.10227818770766217,0.8345758893607811
0.2264346094833647,0.5199971144442375,1.0,3.654096180479559
-0.3510775608072716,-0.5911343777389528,0.0849823481398777,0.962533139957996
0.5535111369938941,-0.2893504278804697,-1.0,-4.390789821576812
1.0,1.0,-0.07712464742912184,14.543929722346064
-0.20776751366513246,-1.0,0.23478818745672747,2.568734642474937
0.42453661449641333,-1.0,1.0,-7.019494286359743
0.3009259693423212,-1.0,1.0,-7.591921541063326
0.7248282506779096,0.415238313711469,0.36620329297181065,2.6027057116119
1.0,0.41591003617920097,-0.8453042491174876,9.14817244990926
0.160340139112215,-1.0,-0.2004624715895973,1.6409746332474842
0.052061797576347546,0.6934555602002968,0.8684615790154062,2.9928489217577607
0.24837840064553207,-1.0,0.706729916569963,-0.8237069089563087
-0.18907663439042266,-1.0,-0.7150412001267279,-3.354416705078629
0.6673256380946695,1.0,-0.45734625118670014,11.50612974346851
-0.3528133217099356,0.2566021323275005,0.29418098547796045,-0.5896979410631259
0.6415934197399427,-0.07969471745004553,-0.6462511301237464,1.8511221759537193
0.7704326937215769,-0.22165422026219317,-0.2211036001401352,1.5274321684087646
1.0,0.7307640495565122,0.42263744785551816,10.104883753717854
-0.9521630751235397,-0.6923533219812938,-0.48621179763613487,2.4269347250274795
0.25622696063490524,-1.0,-1.0,-19.369485708879814
0.1091675419153626,0.21405084215325565,0.3114118473387897,-0.316514228071636
0.876626481845924,-0.15720509214430733,-0.6801764216104422,4.086264264178689
0.07553614836030298,-0.2713237902586787,-1.0,-4.291764566287062
0.7748557035407275,-1.0,0.8662288442570181,-4.463339947421925
-0.5465849506257809,0.18508761384645545,-0.06302452014623339,-0.7833800611910096
0.5447300881883279,1.0,-0.5759779829145333,12.374994616241207
1.0,-0.8294729181078655,-0.20167139503433185,-0.038312263255466494
-0.23870425159815367,1.0,0.39422946402642656,7.909469545067152
-0.15442484839358217,0.8857273883469194,-0.23197043701400744,3.9858888069198364
0.658735342652198,-1.0,0.10547398315600165,-1.377654917976607
-0.6292111780933578,-0.18492819968327723,1.0,1.8172571751713686
0.7081209864220162,0.4446886808558326,-0.33233797941162124,1.9750625085773263
-0.30550300729513413,-0.9581155047158798,-0.3648143167391842,1.8417998520610643
0.6046312731235628,0.8580719971201809,-0.7453339215499915,4.7612974512852135
-1.0,0.21515643055639244,-1.0,13.232097557990045
0.18994873195032191,0.5163065851785322,-0.5729023366578607,-0.0045510374421779964
0.013144653831761888,0.9123247997665158,-1.0,-0.2200722674151333
0.08289424577895055,0.10645740721904873,-0.6291362880669198,0.6678515646847113
1.0,-0.7366559863166897,0.45480886403399223,2.3035530630765786
-0.4655651802678564,0.8016024066708809,-1.0,-4.583759764852495
0.0734297658046077,0.4293955219782579,0.20710317889309682,0.2420156363525714
0.110372547007209,0.8193063599586059,-1.0,-2.7134652489439373
-0.4666501289630314,0.5570293560913844,0.6592467278070084,0.4558619815418394
-1.0,-0.9122655683094991,-0.26669113119598675,5.024163102596061
0.10767631729318916,0.501925920239986,0.24115198879968802,1.0786988818877195
0.12168849618472688,-0.6658295325880712,1.0,-2.635861142434337
-0.09753573421868644,-0.477141202716292,-1.0,-5.3018888668679605
-1.0,-1.0,-0.6573045877666497,4.162201476901654
1.0,-1.0,1.0,-9.141809205249356
0.6189283819691314,-0.42136465406931145,-0.4490477785026554,1.2656805468545127
0.6569214251055011,0.667438342204087,0.6305647661125677,3.2881388245035055
0.32365274222642704,0.7898697510872481,0.06116263408558109,2.028641298101345
-0.46987281672660663,-0.21223425267747453,-0.9796775951454826,-1.0476522912228772
1.0,-1.0,-1.0,-30.852277687454038
-0.4404383662432261,-0.9558829574786318,0.977515248776802,-2.2653275815173557
1.0,-1.0,-0.23250445787571472,-9.043828330032811
0.08439222978670746,1.0,1.0,11.78237308220744
1.0,-1.0,-0.5701844315618656,-12.383804562412553
-1.0,0.14392258028197258,1.0,3.417378191686947
-1.0,-0.9267181853010245,-0.32834557368658635,4.917233647729256
0.2671656222760439,-0.9799251895384653,0.9857656958458252,-7.055038222618425
0.7281787062852183,0.9564807785162974,-0.11804715688146117,7.518993838357342
0.2677659378107091,0.9775831875263103,0.2249161308359675,5.557316937104457
-0.13162885886870668,0.49165808883185336,0.9730006481717293,2.7280561915491757
1.0,0.14383959731223395,1.0,14.823905241596455
1.0,-0.8324834292984398,-0.15378614823308956,0.0025318673152668336
-0.3737830330002836,1.0,0.678921827328848,8.955678903533018
-0.937789127191796,0.10679599567880871,-1.0,10.04166969338703
-0.7904683206381844,-0.04943340547316066,-1.0,3.7965744356811264
-1.0,1.0,1.0,17.794814828313466
-0.08435580117040598,-0.4914677211909897,0.8795166832551802,-0.9092062853516014
0.8576338159097256,0.1790592051845794,-1.0,1.786016042881803
0.43506792481107404,1.0,0.4133863052228981,7.328078661374992
0.6134681135931832,0.22257644450297942,-0.7707112032139689,1.3243110212826743
1.0,-0.7561715207876079,0.16170666289141278,2.201695515820692
-0.8604206459925177,-0.1018526142102556,0.1212249231663518,-1.5190393443348107
-1.0,0.8936999121832254,1.0,13.59603217313113
-0.3010502771561103,0.6400545259574986,1.0,4.828093400609141
0.6184160574436095,0.2614198815143809,0.2709169055421836,1.0964854085341726
1.0,-1.0,-0.8244748080386044,-18.91630315808315
-0.5954925745710744,0.04644697071976123,-0.9683694233683702,0.333861814537958
1.0,-1.0,0.94659511239528,-8.006989058356304
-0.6274946406066251,-0.9644068944829065,-0.02066144274417514,4.579840240542738
0.14504559757801605,-0.24470861114231202,0.21525850988726236,1.0074944491351319
-1.0,0.6731082800171782,0.43143550799231556,-3.930444141140369
1.0,-0.5221039632840985,0.9558145492018313,4.740041413619444
-0.1626181960079689,-1.0,-0.19732549395909227,3.5061293801054703
0.08983204504235576,-0.9646488922885972,-0.9439967884099394,-12.238946635939666
0.6277449413770779,-1.0,-0.9548841534460957,-20.32979169138938
0.6326165888650754,-1.0,0.9793858894982568,-6.233322838134467
-1.0,1.0,1.0,18.192713780134742
-1.0,0.815354936724979,-1.0,19.68254716396759
0.9817871203188477,-0.9745858158592253,0.5211695328176533,-4.52363872942781
0.239139972457451,-0.20155805552287842,0.37556200765188397,1.4098475811694329
-1.0,-0.1671720943508075,0.5717194469402438,-2.4785857382443077
-0.9102457697893378,-0.008782341521458514,-1.0,7.476420547159841
-0.17181972175311744,-0.27584987621279655,1.0,-0.44461953477589045
0.36421109819648523,0.1736055455706147,-0.19926074405651062,1.494512686281149
0.5236036116546654,1.0,1.0,9.994005199369733
0.5227060805698198,-0.18143413201139813,0.24836579892768462,0.677412317904288
0.643781204745969,-0.5696186420078055,1.0,-3.7013606100366467
-1.0,-0.9114892969351498,-0.36807856450359844,5.343994985000721
-0.7021197696837842,0.14237522195291064,0.5385502023676214,-1.9982124414022762
0.5331982718332284,0.5836818238869503,-0.30395470806005176,1.3038676928355388
1.0,-0.45055777922187423,1.0,5.621352830849389
-1.0,-1.0,0.3403037004349556,10.264878256178433
-0.34536838114638035,-1.0,1.0,-5.359812845016884
-0.16125700436231005,-0.7600536849575827,0.619081973372555,0.37407071847738704
0.232602297832891,0.7975991781892955,-0.6663960677545033,2.615540554520358
1.0,0.04487094103267131,-1.0,7.777075520248057
-0.1190400349708094,0.40619792637673213,-1.0,-3.838111492950517
1.0,0.8768188244622195,0.01604738497642333,10.294606947590175
-0.12887778016524054,-0.7925100087146313,-1.0,-9.129259709342065
-0.7350213526892824,0.880066536250508,0.5485064888468982,-0.010297522804604498
-0.38639852424695276,-1.0,0.345393291748318,2.4759572806666466
0.061542814121435585,0.17735659183256658,1.0,1.2564727333379593
0.2763789012709099,1.0,-0.7069807543402908,11.085661506038885
0.30114520255574395,0.6385133424975826,0.058635026814342295,1.3234119665632607
0.3634297550232197,0.25164212519320106,-0.49920972640738537,0.612151047980243
-0.6995081004869921,0.5463765034598476,-1.0,0.6551827157253867
1.0,0.4762973930885146,-0.5714630224714186,4.784554591683204
0.38169692718122716,-0.8767469387052562,0.09600343854228455,2.177324563092153
0.5193027142766211,-0.3845033607227879,-0.2385144993939614,1.8693477648042736
-0.42060387422162226,-0.09144293487289934,-0.5538144872585442,0.3145214351273042
0.7909517698459927,0.2234396261950029,0.31569884567301343,2.8624130139784487
0.78951786795655,0.1465679952724337,0.39358289091114984,2.707458934487041
-0.13222997088698585,0.23068580474681122,0.02043694825626563,-0.5133861557630474
-0.40695536658131903,0.014337027827422633,0.3150783886858888,-0.10863755307712586
-0.9107939743372262,1.0,0.7879799533233105,3.846770996396541
-0.41463510467321796,0.4107251260390459,-1.0,-2.732062115012261
0.6872693807583958,-0.9195119019936422,0.2887569554813023,-0.35778893496084957
-1.0,0.3893736980895699,-1.0,16.89264294163367
0.36046181579407177,-0.9603222009599102,-0.5257241167531503,-0.4442400547217238
1.0,0.39821034348960316,-1.0,11.638548119282243
0.1540715888381674,0.31192775068402434,0.9131073267314067,0.43877127779517167
-0.19199006260595963,-0.7828413469462181,1.0,-2.428564511191414
-0.11766511254418588,0.05457491306281925,0.2610937991661022,0.26432368768549663
-0.2839950658255386,-1.0,-1.0,-14.363527346601925
0.3128011978447518,-0.37251548872018136,-1.0,-5.224824219880446
0.9515338498990429,-0.5129068980790665,-0.1899688316082926,1.7514634689655368
-0.31129468940801286,-1.0,0.4761150732300834,2.141011840014427
0.8071868551961483,0.47143544102665347,-0.48966167194972443,1.9190326780044407
1.0,1.0,-1.0,39.070226199360945
-0.25421329970931583,0.03645249159658448,-0.33700759213910425,0.06659936040603298
-0.5827833513649354,-0.013766024285614575,0.4935656874281569,-0.5108623101204597
0.8636211488526186,-0.21386215337771408,-1.0,0.04782987668003946
-1.0,0.2615932949408877,-1.0,14.938076430219429
0.4014141350591398,-0.7893143498830659,1.0,-5.253948992263608
-0.46682630285319915,-0.21051521344219148,-0.8093837290949424,0.8221706083974558
-0.6805062455938509,-0.8250807389408055,-0.4679694405298387,2.8864696123928963
-0.05152299040731445,0.9785416017888371,0.22312369867385407,6.344568986305415
0.5209216143514923,-1.0,-0.6364497146403565,-5.308137500844808
-0.10575284525762041,-1.0,0.502436261768523,1.3287913323552043
-0.05116015433497534,0.6843548798632224,1.0,6.603163354637977
-0.20670505628228342,-0.24705311458575951,-1.0,-3.7936452434649306
0.6476910362629804,0.024059185962342022,0.40494701492997254,0.8188743330596089
-1.0,-0.7729944015522412,-0.3852912470648404,2.0743741301239536
0.3423753863265673,-0.8630695310868466,-0.04464090573700985,2.202496184512092
-0.2549788409614915,1.0,-0.7243094616303021,7.560011875183898
-0.5143465232444209,-0.7274023234973901,-0.2738161805347128,2.4484658307088036
0.19717522407362442,-1.0,0.09509129840841446,2.1517821659553107
-1.0,0.009960425007211393,-1.0,11.887324434399883
0.04799858008025426,-0.7158985141420504,0.09337502574256251,1.3541214798241126
-0.5748023427205662,0.8847133347537526,-1.0,-2.76503247132376
-0.13538546631240989,-0.9552244484480774,-0.72882524549081,-2.592378787178211
-0.6660408201114034,-1.0,0.7467780037615697,4.235142145659295
0.5223489124857501,-0.3055469556197512,0.018670160926333557,1.3405511671462123
-0.9737750605721567,1.0,0.4394611446018135,1.8776951541931153
0.9752364805950902,-0.0030260225586626888,-1.0,5.87950283943882
0.38547342508835647,0.7348004374102994,-0.11136980691187093,2.3187391869267535
-0.1273847841633684,1.0,1.0,13.60707132782539
0.3332770882586622,1.0,-1.0,6.092987273392128
0.6029677232184838,-0.5000901493066225,0.5207990148621862,1.0114874958575362
-0.013628374506791996,-0.5050118489814188,0.5813553777090512,0.15498160945615883
-0.05347255408881879,-0.3825748391102346,-0.2714982763448601,1.1652907609262029
-0.47079775606615293,0.25097681871117694,0.9522022526956193,1.9573700134007805
1.0,1.0,-0.1122584677745373,15.340535772061097
0.6175844732888431,-0.31528420790022493,0.07581218858717831,0.7933123709733452
-0.24581673970140328,0.659295131934819,0.2580490062817702,0.6606924994043397
-0.6604928857018564,0.4677641072488563,1.0,3.9701292576090834
-0.523366306888633,-0.49078656907107443,0.9801346918425711,0.6948110728769012
1.0,-0.030171815772465527,1.0,11.123374163797884
0.1506182531431297,0.1196343964369968,-0.32827022803787664,0.709505918183313
1.0,0.481023745871902,0.10716868552726178,7.022791774090045
1.0,-0.860522749118046,1.0,-2.8471472638973117
-0.9256811490081098,0.7052769741612626,0.2585827166360042,-3.6219857413985634
-1.0,-0.14560014890749384,-0.4104617215945725,-2.513731113192994
0.1392100785337218,1.0,-0.242043983120658,9.286282711728138
-1.0,0.9760244889472094,-1.0,20.887996278315526
-0.35011534860395055,0.8161581681155068,-1.0,-4.673168198071705
-0.359114057440286,0.09465934620421645,-1.0,-1.9823522699754315
-0.16748802436272858,1.0,-0.1540587521965111,8.137598433907682
0.8943401550340166,-0.5313048970313541,-0.2969542876646767,0.9356135752001482
-0.4159870734093827,-1.0,-1.0,-12.811047587473249
-1.0,1.0,-1.0,21.297864270205753
-0.39086064250702357,0.24076522507310916,0.555296468798989,-0.745371242581812
-0.9331269617998792,-0.1788025036871439,0.9496686243167156,2.755406076507755
-1.0,-0.255005086708066,-0.8647052742819794,3.3233742846597965
-0.4267140859480616,-1.0,0.33339138023624804,3.7104390915986527
0.004240635547212879,0.14656910908344778,0.16164163598391745,0.28776272999123986
1.0,-1.0,0.7704492720245459,-6.320638840581809
0.399407021017234,0.2688793268771603,0.30328495846022396,0.5142385507500326
0.6256455618433396,-0.9922929559548737,1.0,-6.698441768528001
1.0,1.0,0.5559122127143623,14.24145602419878
-1.0,0.543318023957992,-0.8773515254066424,11.113187479469337
1.0,-0.07763666645663858,-0.5844329964314467,5.299198452023706
-0.150343223633584,-0.27586231041014253,0.8063563274485512,-0.8454594682471177
0.26167255931762234,-0.6982724867151653,-1.0,-9.194295682982549
0.2739540237886904,-0.5681982573685131,-1.0,-7.371707095226672
-0.06484244172091458,0.6111663215378575,-0.16530860136702974,-0.11105288229666199
0.9999502902723352,-0.6033983610321045,-0.39107981908408007,3.831981636650112
1.0,0.3576563080451225,-0.4343482300128054,4.289096750929344
1.0,-0.43494566330805084,0.11669320868383704,3.483242312583807
-1.0,-0.702013631020082,0.14099074599531303,2.004894269152758
0.4731381337600358,-1.0,-0.35686295324034223,-0.600200886426854
0.4431680699261211,-0.41424469496204264,0.9527717042673054,-2.4217113463651145
0.15226242300705595,0.6601145714561054,-1.0,-3.8521380954920392
0.1689975554883396,-1.0,-1.0,-18.08033952691583
0.7116822150399686,-0.026900230271298176,1.0,1.2806852774469457
1.0,-0.29206935764019004,0.7483787325529803,7.124718464721945
-0.693096922930569,1.0,1.0,16.349115852292716
1.0,-1.0,0.5163011697717117,-5.770046857526292
0.3939098193520896,0.7856907833769256,-0.10724232221701646,3.266590158535341
0.1762252937220956,-1.0,1.0,-7.328337330626292
-0.39894768787666224,1.0,-0.6679099576945335,6.1398529192146425
0.2406857832523619,0.19679265263919454,-1.0,-2.8068553139573043
0.316616965544533,1.0,0.32366248108713447,7.2843537414378225
0.9727544551393599,1.0,-0.6391782543803965,21.456086966040452
-0.40631302145936266,0.853699212524129,-0.4587345621737451,1.7560438239409808
0.6738393033360501,0.7038994838967432,0.34155565093518336,2.1137424756902954
1.0,0.5256082463898195,0.6997158093135352,12.31055923266621
-1.0,0.35410847640450127,-0.6293933114601695,2.468768261297771
0.7285689993183027,0.25477121690590154,1.0,5.104938726922655
-0.8424720904380707,0.09286489571761769,-0.03372644064640662,-2.2719238962763377
0.6311683679852373,-0.23178365879004126,-0.6195291312423745,1.3014658815138596
0.38625606449803507,-0.8902769091472893,-1.0,-14.86526039352235
0.5548539495511076,-0.41035870902691673,-0.23844406423382658,1.3316676908744305
0.04091844592772964,-0.9566293162162076,0.5087016451331536,0.5301120448627568
0.9989683492382171,-0.6640856766003032,0.1053121326212445,3.0979857237852917
1.0,1.0,1.0,26.038411510115623
0.3775106839602669,1.0,-0.7694125414051542,10.774308560121487
-0.8905201044746589,-0.8117191502631116,-0.5474709222929297,2.13823298829976
0.3230507058516805,0.6103151221995975,0.6815327379000691,2.005450333252045
-0.5501352800393071,0.781785715189105,0.4533258695179585,0.7141336128388034
-0.08219582626547406,-0.6085576058859123,1.0,-1.1007509485562184
0.7629421615800955,1.0,-0.4468119635992578,11.55544527017542
0.8864086223811136,-0.9007388243502124,0.8624280751288571,-2.83809516081561
-1.0,-1.0,1.0,21.263413152487136
-0.4232427755696482,0.3613494063946776,-0.5440024979983376,-1.238371621390716
1.0,0.5359181004720173,0.4607120208876705,8.962578047703767
1.0,0.629133062298729,-0.13406207654891533,7.095401044498698
-1.0,-0.8157085216067632,-0.9984565905246332,4.07953104844294
-0.9678802698900277,-1.0,-0.4143622763560335,6.197462571327786
1.0,-1.0,-0.7226636336822414,-15.67521738319475
0.6179858766989155,-0.30299094799252924,-1.0,-4.11410265652914
-0.3772293376751308,0.24380421513723483,0.23914772778635496,-0.6878229969461922
0.27495882845818453,1.0,0.28131129957056245,7.356516688930201
-1.0,0.6143372422721838,0.06741589864442132,-3.2192606787617555
-0.6709899253257259,0.3005837165288183,1.0,2.679304205732664
-1.0,-0.22862214089241828,0.07478042727567913,-3.6253223057838544
-1.0,-0.2963569660949956,0.4610625665249142,-1.5807807941613536
-1.0,-1.0,-0.23736260961956535,6.48220801717385
1.0,-0.07536369928395392,-0.362807868371116,4.081287980943858
-0.09560815139355672,0.6760835749243415,-1.0,-4.091327671295356
-0.6467482956676764,-1.0,0.3769244132355958,5.824820606347088
1.0,0.060764669035803465,0.06496362684039547,4.526997835879557
-0.8782515503068864,0.4054787092411416,0.33467908762882503,-3.7591834535148405
-0.125993768682523,0.22546849765371468,0.9285447876020585,0.7167326403624212
-0.7328157036302465,0.03371463839311484,-0.04125099162056323,-1.1540140770508414
0.4746580733495138,0.49958577161006756,0.5749537222661794,1.8863151850319728
-1.0,0.0026713698829055055,-0.39079419385241887,-2.7979344843494633
0.4918132873709775,-1.0,-0.9865518274809093,-21.357000220957776
0.43881571264243924,0.4116660853100442,1.0,2.1223362481499874
-0.6129533071562081,-0.9227518909642785,1.0,0.9680750878441102
-1.0,1.0,-0.8026041119994973,13.988413373119503
1.0,-0.8370092550786223,1.0,-1.5836897805647996
-0.35454047125995025,-1.0,-0.315178082942668,1.4137611837181376
0.8353950157192918,-1.0,0.047442316765938575,-4.440924123117335
0.6804415345345882,-1.0,-0.4862133853627013,-3.6712134053523977
-1.0,0.07793668831648959,0.24771563735299718,-4.591966197786753
-0.7473333200620438,0.5883966351701551,0.16211234458278923,-2.7536092482202563
-0.4918205231700232,0.6326898357018589,-1.0,-2.9132505238765796
-1.0,0.3758225902837202,-1.0,15.950346358804797
-0.39516920670527655,0.40364760491281637,0.5237166391333175,-0.7040558972969648
0.548919705154973,-0.9753801288642452,-0.913353683705058,-13.919093683152125
-0.23594571617836824,-1.0,0.09963803148889605,2.874333255869328
-0.38558306650878293,-0.5228701903198882,-1.0,-4.968668791016716
-0.468477679759693,0.019131326237399104,-1.0,-0.8837716535407021
0.22639750895957267,-0.46041796633064136,0.19365446296571687,0.4072597434320695
1.0,-0.29620991154772547,0.5501524402349554,6.482979578542119
0.06624705943818432,0.8619112544163032,0.7205571912333857,4.998620052548555
0.018239613382940778,-1.0,-0.5485636492029031,-0.8943817946714967
0.04729226624395699,0.14043799973636095,0.6651458822912337,0.29516828626013847
1.0,-0.23705678307534117,-1.0,5.496298636167868
-0.10014840052236496,0.7678675032625799,-0.5755873669411613,0.7829523950328918
0.3537645148596862,-0.09461871364489816,0.1437484726940006,1.5778416405196585
-0.5391300514977495,-0.8697573489638117,0.9371443062798508,0.8602556857098941
1.0,1.0,-1.0,39.200355284418485
0.786472032841129,0.3435964639982432,0.9748805797528315,7.079521983994996
0.4748239867867796,-0.8630128342210743,0.7893511220767344,-1.210819381366588
1.0,0.46409008016890363,0.4754076305443151,8.771914880832956
-0.9278943720168769,-0.6847963431718243,0.5525141155076039,3.8602465423757195
-1.0,-1.0,-0.20171025257615183,6.2888597163229925
-0.008429349033225009,0.21533500362624403,1.0,1.2654087516804866
0.24911268237426576,0.3051730815262088,-1.0,-4.081520911669953
1.0,0.07077171007225647,0.8382347703153918,10.174546253516858
-1.0,0.7038728539076613,0.6528627299682168,-2.5467092380090968
0.32283531044931646,-0.4834293218654122,1.0,-2.5659664737783583
0.2903021688528591,-1.0,0.5113790103205929,-0.014424514963644108
0.2203756505936978,1.0,1.0,10.089953126398916
-0.4839623379869846,0.3071674924926817,1.0,2.477771811198794
-0.44474893784247316,-0.6090622361732967,0.4172640161835932,1.4355091457470186
0.13684055232051295,-0.01879227626533342,0.9282545783833434,-0.3317195571584736
0.79189967268152,-1.0,0.4998180126839695,-2.490051019611584
0.5028281466487083,-0.49696836713582515,0.29878869890938065,0.8523011986262712
-1.0,-0.4822462049120386,-0.0101987639702934,-0.9812031373428799
-1.0,-1.0,-1.0,2.961059256651669
0.011004821515646412,-0.6281456583637353,-1.0,-6.813876905461109
0.08163363235181054,-0.23004897678580116,-1.0,-3.399621750650173
-0.0031943066804225317,-0.757768382101143,-0.9860782036559743,-8.465748191363682
-0.44051784127290206,0.03678803766944205,1.0,1.157542969683824
-1.0,0.22731484277566794,-1.0,13.44396097624917
-1.0,0.7813520430997805,-0.3832522905298148,3.9894870633135024
-0.7662833618059195,-0.3219667314279535,1.0,3.390464958297889
0.9622653486039638,-0.9421442145983019,0.09840055875088316,-3.0083917724949
-1.0,0.8482199123163465,0.9025353338483943,5.427302194180614
-0.4298448692401726,0.06480171595079831,0.10969203649900772,-0.13161064071354212
0.12546819521858055,-1.0,-0.1863941334724184,0.9724914106117295
-0.3537105603921902,1.0,-0.42227460495452673,6.886332690765042
0.3573127961367988,0.6199357496958109,-1.0,-2.9507510400778
-0.5465558894745859,-0.31681289344076036,0.7253105724314537,0.6649382126780431
-0.3304357686774144,-0.2809763077948588,-1.0,-3.2387037512389742
0.6665940819744058,0.5881240009825499,-0.6379301891766038,2.0841989360575957
0.7924359002133003,0.3660730070966478,-0.7868454754551186,2.0425765958046194
1.0,0.4072789136873045,0.9116525151829276,16.78428196870683
0.38236005618667335,0.009202271970517817,0.6387556902316569,1.0462177956418748
1.0,0.714402636863906,-0.7143427800837219,9.874260252720482
-1.0,0.39195178531434083,-0.6190784184381866,1.646555570507628
0.11379963832276463,0.7485761537502547,-0.9547521858176917,-2.1965856464458096
-1.0,1.0,-0.304509518570808,10.79012880748009
-1.0,0.27820502333779307,1.0,3.7491416993971742
-1.0,0.234505939216463,-1.0,14.270523892636966
0.3123056014159751,-1.0,0.702004102251458,-1.3797188556857076
-1.0,-0.5236267818075537,-1.0,5.840387106483087
0.4189833108237997,0.14432928284393953,-0.7584668620389208,1.0595021786625713
-0.016899664464088637,-0.7549711852311232,0.14478032277545716,1.1787041596555767
0.04176434184837574,-0.3558894610641379,-0.2110827503455499,1.0805152734716217
0.21412334532460697,1.0,-0.2426440644502721,9.378778989505062
-0.3409222108522556,1.0,-0.024260076878490633,7.154471853103254
-0.7379001946133195,-0.16019597659048612,-0.8418162856621618,2.071647183536143
0.7433028763107294,0.17750996764590554,0.6681954422598337,3.563378239170401
0.47073924066126693,-0.09206021400390885,-0.26373686221048676,0.9988255309695007
1.0,1.0,-0.9402572347914311,36.45964566669024
-0.6998685112765586,-0.7562446037431865,-1.0,-2.0064328410940595
1.0,1.0,-0.08370601939144673,15.530827769226907
0.6164548550817566,-0.8828830367980507,0.6243377499454297,0.4367256023491284
-1.0,-1.0,-0.4167202716136529,5.366606193231526
-0.7810126622674398,0.2500674084083294,-1.0,3.2310485889675205
-0.16164043685671903,1.0,0.7927457972178813,9.60183345051746
-0.8393425989931678,-0.7176561066952996,-0.4436777670616656,2.178788769715178
-0.09523416624350989,0.04215253195409918,-1.0,-2.9971988506720715
0.9063161102327257,-0.6927779033176922,-1.0,-6.790797739245484
-0.47819113303564253,-1.0,1.0,-2.8487572439311393
-0.5876322903594831,1.0,0.7385148489392515,7.496553973094389
0.2173174548664598,-1.0,0.46402740428280387,0.4853139960294601
0.061477135509452774,-0.23945015786668877,1.0,-1.7662255527520259
-1.0,-0.7465906155130211,1.0,14.526317664706545
1.0,-0.19765564043088268,1.0,9.181884897313742
0.5663057856535698,-0.3743520027680891,1.0,-2.9955871263982505
0.3132586719397801,0.36371292522370413,-0.2591466468282497,1.0374407340427148
0.028823878512225454,0.9920688434720617,-1.0,3.904818192164964
-0.30309503164302276,0.4311730218763783,-1.0,-4.057904372747375
-0.9927965280988971,0.9663081729796641,-0.5923145509489935,10.500140951623786
-0.7094185007727358,-0.306954845369263,0.04075874304368665,-0.6581289473752358
-0.1601682288478563,-1.0,-0.8070316766073549,-7.125854276946826
-1.0,1.0,-0.5011756666527254,12.044165941426972
0.9236784452200029,1.0,-1.0,28.4169390054136
-0.7624425026849189,0.3345757480935927,-0.1694672689251393,-2.4797737092169263
0.23643927941954535,0.011199561173448336,0.27225582561315864,0.6553286905559501
0.5004645131580159,0.7251417086650138,0.8854066765656066,4.145225284652133
-0.7528135130274773,-0.7519653305964606,-0.4667116988542368,2.242697347412496
0.4082054780802926,0.443832994139296,-0.4956840444383488,0.6029125883254836
-0.16248940561877379,1.0,1.0,13.890227446983022
-0.6467639467307764,-0.8394121003416923,1.0,2.7214478575509453
0.17632375479748497,1.0,0.8508548649550325,9.357550315076944
0.6222975695620558,0.872271192394894,-0.5412808066368149,5.5892390516330615
-0.5494802674601831,1.0,0.9608866886639487,13.629485238585293
1.0,-0.8079699755078942,-0.5868495535063167,0.7877374576611069
0.24584099503526424,0.8277300963147018,-1.0,-2.051249519680546
0.35457471164774645,-0.14795534765683271,1.0,-1.8291658905517802
0.855015734590993,-0.16710758729697828,-0.9076426574374981,2.765634032569564
0.5108544092547338,0.13174834408239589,0.2737935463906087,1.545788705072669
0.5540930686632681,0.5041390698263508,-0.19850000743372131,0.23794959318420916
0.08523685999134778,-0.9176694937771319,0.7845093193073036,-0.7513521514416415
1.0,-0.73732473986228,-0.7621423554588465,2.132225299894961
1.0,0.12973461271164455,-0.1928064364398756,3.6515601382615204
0.9588112234815223,-0.5064002361962407,0.8648631607629789,4.3657076280107034
0.7471244759507529,0.20755170213747576,1.0,4.686543833160656
-0.13892470465889306,-0.09851161809612585,0.33614834981339303,0.7464844179692098
-0.32646590302267287,1.0,-1.0,1.3044425152622452
0.29100937624957957,-1.0,1.0,-7.492948390782391
1.0,1.0,-0.5573672843782576,22.27867949189174
-0.7317731792921862,0.5333399902950571,-1.0,1.7827929526399728
-0.10222695495994905,-0.5276062315555885,0.580380256775211,0.45614690447390344
-0.5496162581309794,1.0,0.5786041511028774,5.132270273880309
0.12404802852062646,0.6224265241422424,0.9965300025144972,4.1817962383124145
-0.23464200790786482,-0.16405245562844262,0.338369013867692,0.24846157014569692
0.577178441788289,-0.19523259989907293,1.0,-0.19036826559451803
1.0,0.2608400512657978,-0.05007930286521267,5.919908908538258
-0.8797560369122186,0.2883479791057171,-0.7743950631299439,2.1216858197038215
0.19872015264372989,0.5486537088488403,-0.13270404144665693,-0.14064989351314106
0.8225405980440168,0.5939051167338962,-1.0,2.2635339291303715
-0.9264143478768683,-0.1050250451029131,0.5807348896438402,-1.6539520117898399
0.04307821879964502,-0.4164058406600615,-1.0,-5.682505813731872
-1.0,-0.47914686304347764,1.0,8.39480709666424
0.14683880705535746,-0.10586286574498338,-0.5097646113993541,0.3527798096087472
0.6526774786230127,0.26851964381977256,0.26820202198188325,2.581554903180213
-0.1017040043169899,-0.3335561351773271,0.6082937080640378,0.567017220548787
0.9265413066714268,-0.5024732880653044,-0.7865889428692767,3.8016859231032285
0.6047219760563005,0.07752323491554636,1.0,1.3161305254341076
-1.0,1.0,0.5274660519724985,1.0371072453614587
1.0,-0.4599631078499229,-0.0825483339869304,3.4595772166457683
-1.0,0.2905956663502902,-0.5792247797886589,0.40506770504344947
0.8607572505994379,0.4621529301335827,-1.0,4.083311358898284
0.055011662168823916,0.25865734119617945,-0.9425118954291973,-1.8602462222511313
0.3875132343129808,0.8322171151119606,-0.7026953851860696,2.986225767464437
-0.7923925167349022,-0.3582628829066785,0.822368590647989,1.9949533547922145
0.8761377848277441,-0.9239277517163114,-1.0,-19.463640772811196
-0.7274258190629777,0.9044207233928727,0.6047746612880296,0.6836423511098548
0.1643143193568093,-0.9319864862191551,-0.5997878098675253,-0.8193527999706314
0.47121224496218916,-0.897185265309782,0.18739913562602517,1.3160165920849949
0.05977875562172286,-1.0,1.0,-7.461405811305065
0.5145861621484453,0.21799960371196847,0.22782674015592996,1.3200146767247887
0.2567966850911958,0.9355306012455902,0.053524067376280016,4.771024973934025
-0.17426571628166143,1.0,-1.0,3.3026105311403633
1.0,0.8011096389921506,0.3943473911883313,11.34493674340098
0.780613357479861,-1.0,-0.5091370243402638,-6.809197890786927
1.0,-1.0,0.6621599902408755,-5.828068676379455
-0.6804763190920804,-1.0,0.011330984364000374,4.95623997603611
0.3181704542892352,-0.6437497667672103,0.42954077637403976,1.28063509034597
-1.0,-0.9291659282934228,-1.0,4.305777696996976
0.06500587471966957,1.0,1.0,11.173539215978728
-0.1905228473175129,0.22144467917778132,-0.14888050324617663,-0.20274105364115622
0.855161547601966,0.41602977249773265,-0.25030374282517154,2.938744384604503
-0.4530184212682071,0.729812333085442,0.25293018054057614,-0.6456319535197446
-0.20752848431874193,1.0,0.36833274934227767,7.387392939259368
-0.19326277155939953,1.0,0.11901978693222048,7.040725402702147
-0.10869969116689471,1.0,0.36030298960955176,7.621962472758412
-0.48339243078604177,1.0,-1.0,-0.1140221516141432
-0.2360431248260224,1.0,0.20691714106383552,6.669361850038082
-0.9102075091547746,-0.2595667062631184,0.7685265796827732,0.04904477311138722
-0.12180267431793323,0.19314117317499813,0.5615931201016287,0.6312921162979624
0.4797980754172724,0.28266455653924827,-1.0,-3.009016355789174
0.4863670404848801,0.2410013243859883,0.029465050858283215,1.1024084968589285
0.9338823340920088,-0.2632655915152844,0.6605409574612233,4.704784163947276
0.10031026185260017,-0.18061167439287273,-0.844568406781514,-0.6962389036748036
-1.0,-0.3499419582765635,0.9493946625897542,4.082660195654931
0.7652919504672113,0.20701771466048147,1.0,5.857814124502315
