degree,n_terms,train_mse,holdout_mse,holdout_r2
1,3,33.99321065894841,35.98301926993995,0.29569734265283254
2,9,20.35217761416507,26.038318058218447,0.49034691992691715
3,19,11.141384560336057,14.132286112501383,0.7233860063616111
4,34,3.2672160000177457,4.377750844872992,0.9143134285058843
5,55,1.070567764636039,1.8646061429680691,0.9635037001329306
6,83,0.43006487608159305,0.6057008798231373,0.9881444984920059
7,119,0.23745856673500623,0.39044098942428584,0.9923578223293089
8,164,0.16555071006515226,0.26589544728204645,0.9947955765275732
9,219,0.15179244518232865,0.3163172236283651,0.9938086612606116
10,285,0.13506501526070314,0.5880578592502591,0.9884898287762683
11,363,0.11105745972708889,1.1663775680303785,0.9771702642718426
12,454,0.08444994840173989,5.315802631157592,0.8959527578558417
13,559,0.05542353593293212,10.307709741241851,0.7982451859456752
14,679,0.028919585203970435,165.87327077594404,-2.2466698948734045
