degree,lam,cv_mse,cv_se
2,1e-06,21.29949836713564,2.0344935245095233
2,3.162277660168379e-06,21.29949696153269,2.0344988112260807
2,1e-05,21.299492518420955,2.034515529157095
2,3.1622776601683795e-05,21.29947848601747,2.0345683945504
2,0.0001,21.299434291118757,2.034735556138463
2,0.00031622776601683794,21.299296327964537,2.035264032867515
2,0.001,21.298877946553983,2.036933877242295
2,0.0031622776601683794,21.297732693248044,2.042200946566608
2,0.01,21.29585225020284,2.058722970565175
2,0.03162277660168379,21.306214805433296,2.1096488805859464
2,0.1,21.47219956762981,2.258148891405582
2,0.31622776601683794,22.721175563752602,2.6255997456518605
2,1.0,27.541258265840515,3.2473697609843417
2,3.1622776601683795,35.46673965939708,3.8428309133422855
2,10.0,41.35940249537831,4.176802550575993
3,1e-06,12.44713508832505,0.9843196189382952
3,3.162277660168379e-06,12.447122109208706,0.9843421006474544
3,1e-05,12.447081137940078,0.9844131794624911
3,3.1622776601683795e-05,12.446952297586204,0.9846378046002979
3,0.0001,12.446552063969756,0.9853466768558675
3,0.00031622776601683794,12.4453575413629,0.9875738837870187
3,0.001,12.442266034966645,0.9944757132383595
3,0.0031622776601683794,12.4386171178267,1.0149845690708617
3,0.01,12.470716384177939,1.0691565717016205
3,0.03162277660168379,12.738699191456277,1.179444928327629
3,0.1,13.620278284445007,1.346819109949566
3,0.31622776601683794,15.672521562231774,1.620030832781091
3,1.0,20.513296602908714,2.1412282917034435
3,3.1622776601683795,28.69285872234776,2.9327818873256306
3,10.0,37.01703314183135,3.68340999733311
4,1e-06,3.885664108786956,0.34425003779384744
4,3.162277660168379e-06,3.8856619842192446,0.3442666791543526
4,1e-05,3.8856554134358134,0.34431928587942406
4,3.1622776601683795e-05,3.8856361087412337,0.3444854644498566
4,0.0001,3.885589708698474,0.3450091908430124
4,0.00031622776601683794,3.885586567404407,0.3466478639862209
4,0.001,3.8869264540416166,0.3516629735166401
4,0.0031622776601683794,3.902362172431603,0.3660773323873202
4,0.01,4.017307630495262,0.4019648062957195
4,0.03162277660168379,4.54571562604986,0.4762808444171751
4,0.1,5.984506048013775,0.6228617735287543
4,0.31622776601683794,8.809384540686592,0.913100663378752
4,1.0,13.570676397312464,1.4509618421496406
4,3.1622776601683795,21.756290364925814,2.338549012615905
4,10.0,32.51133992382448,3.3298210186418924
5,1e-06,1.3765837994936123,0.1685713569580441
5,3.162277660168379e-06,1.3765615457731404,0.1686034505839454
5,1e-05,1.376494087419045,0.16870464674166993
5,3.1622776601683795e-05,1.3763091233813973,0.16902179247327456
5,0.0001,1.3759848125149574,0.1699979065356057
5,0.00031622776601683794,1.3769829742266202,0.1728636982580828
5,0.001,1.390282227850292,0.1805387862017084
5,0.0031622776601683794,1.4527045132113423,0.198429535292614
5,0.01,1.6569733901733545,0.22931350115508972
5,0.03162277660168379,2.2307989642646193,0.26340750423078363
5,0.1,3.523633166125864,0.32671962184362796
5,0.31622776601683794,5.992908423463421,0.5040592907656846
5,1.0,10.03453633291166,0.8361497696341041
5,3.1622776601683795,17.052128319214216,1.4745303848649214
5,10.0,27.627753804974333,2.538459190662091
6,1e-06,0.6050552119762329,0.05719834176304583
6,3.162277660168379e-06,0.6049907344306209,0.057268627758823985
6,1e-05,0.6047980668245,0.05749081949846954
6,3.1622776601683795e-05,0.6042947239567166,0.05819209049501748
6,0.0001,0.6035952705812244,0.0603816837981686
6,0.00031622776601683794,0.6070515143324452,0.06685331406097626
6,0.001,0.6380033754197152,0.08309789063464836
6,0.0031622776601683794,0.7483640540476101,0.11417510564319457
6,0.01,0.9850933571837498,0.15790990863683563
6,0.03162277660168379,1.4082823350042697,0.20459888427936293
6,0.1,2.219486507485819,0.25162106822936703
6,0.31622776601683794,3.8051174125399747,0.32297836024095866
6,1.0,6.832723950772547,0.5132939782531581
6,3.1622776601683795,12.635391292356548,1.0240113568492866
6,10.0,22.895423329370296,2.050328891215036
7,1e-06,0.38359927871813065,0.048737429345970154
7,3.162277660168379e-06,0.382980866613697,0.04859129705397312
7,1e-05,0.38131547203320654,0.04821636312596721
7,3.1622776601683795e-05,0.3778779012766998,0.04757177981959166
7,0.0001,0.37416248367858884,0.04745313155235743
7,0.00031622776601683794,0.3786798924904574,0.05013485724532794
7,0.001,0.41137385671507226,0.05911503991583601
7,0.0031622776601683794,0.49780194497414626,0.07794897733800182
7,0.01,0.6506590497060534,0.10659691832505706
7,0.03162277660168379,0.8949532795452102,0.14544378320120416
7,0.1,1.4095479934895376,0.18906393961442433
7,0.31622776601683794,2.6251902082165395,0.23612159013139122
7,1.0,5.235322835016027,0.32975123203074674
7,3.1622776601683795,10.224450931765091,0.5967595972750827
7,10.0,19.281062647383575,1.355455109470584
8,1e-06,0.3443104967381665,0.07701933776099203
8,3.162277660168379e-06,0.34074760706184776,0.07543133178219018
8,1e-05,0.33258714679855367,0.07121513041880558
8,3.1622776601683795e-05,0.31884290834024853,0.06260505538360459
8,0.0001,0.30314712567017016,0.050976772813601814
8,0.00031622776601683794,0.29456884950426676,0.040736000920273546
8,0.001,0.3038635069113373,0.03399188593448838
8,0.0031622776601683794,0.3422502252943473,0.03279232847015782
8,0.01,0.43234547626135456,0.046130146959280846
8,0.03162277660168379,0.6233373852445888,0.07924897563050394
8,0.1,1.0388319728138131,0.1270403218293897
8,0.31622776601683794,1.9450956207316357,0.17487407923914933
8,1.0,3.9254943781538927,0.21784485278680032
8,3.1622776601683795,8.015518585058512,0.3971852764165522
8,10.0,15.931403445851629,1.0286225678276701
9,1e-06,0.4107847190268966,0.07825364696960697
9,3.162277660168379e-06,0.3873734878573459,0.07064892215882876
9,1e-05,0.3569052878433223,0.059969583650804174
9,3.1622776601683795e-05,0.32923969561273897,0.05038493846121236
9,0.0001,0.3092457780613887,0.04347427217001566
9,0.00031622776601683794,0.2965248611829397,0.036825526846037814
9,0.001,0.29365849798843907,0.03227809662082484
9,0.0031622776601683794,0.31284920854029125,0.03333050063548241
9,0.01,0.37301064474873524,0.04224192648184243
9,0.03162277660168379,0.50038333736909,0.06322189870486665
9,0.1,0.773865652456364,0.09881279095511425
9,0.31622776601683794,1.4437106436166596,0.14221298368158314
9,1.0,3.135081151843056,0.18803139810527897
9,3.1622776601683795,6.802956267197996,0.27217623902259136
9,10.0,13.794671772772313,0.6564881777624384
10,1e-06,0.6839690416233066,0.1675570126816933
10,3.162277660168379e-06,0.5584986622110795,0.1262974053271756
10,1e-05,0.46076425713090885,0.09576010196343696
10,3.1622776601683795e-05,0.39763316987980735,0.07710432049027958
10,0.0001,0.3512244648722239,0.06204147671737784
10,0.00031622776601683794,0.31374642335235714,0.049615214503244916
10,0.001,0.28807756400965495,0.040677930537732866
10,0.0031622776601683794,0.2832105496336366,0.03486456517078448
10,0.01,0.3126935314022436,0.02984033972928221
10,0.03162277660168379,0.4040146718312615,0.029898856550772287
10,0.1,0.6353261518751863,0.0524657593963778
10,0.31622776601683794,1.204099256642893,0.09296682023864479
10,1.0,2.589710809160877,0.12631666883573317
10,3.1622776601683795,5.701833947529596,0.17682280366417788
10,10.0,11.799210369088453,0.5170956194751333
11,1e-06,0.8411324467461265,0.2838020512077361
11,3.162277660168379e-06,0.6670060133938944,0.2095263857149597
11,1e-05,0.5374250127723978,0.14309782375122918
11,3.1622776601683795e-05,0.4422783609922051,0.09239768054371364
11,0.0001,0.3750821465058466,0.060251166767438816
11,0.00031622776601683794,0.3273295493862643,0.04380378540397611
11,0.001,0.2955720904946052,0.03542966119193876
11,0.0031622776601683794,0.2839211354765539,0.030116715255708176
11,0.01,0.30490715888534475,0.027883053983301667
11,0.03162277660168379,0.38234210253783685,0.031019702169801096
11,0.1,0.5650489448936671,0.04914834835917523
11,0.31622776601683794,1.0024992261364278,0.08038755874577078
11,1.0,2.171332296593079,0.11870203210417803
11,3.1622776601683795,5.019516353934284,0.17219657151708345
11,10.0,10.600839708846369,0.40190229296945656
12,1e-06,1.036469665048962,0.27223165528463805
12,3.162277660168379e-06,0.8470842704078365,0.260962091733025
12,1e-05,0.6753128275934575,0.20158088194848278
12,3.1622776601683795e-05,0.5404819946029276,0.1406493536105577
12,0.0001,0.45362237421971924,0.10113629167455153
12,0.00031622776601683794,0.3895977056855628,0.0719029749223372
12,0.001,0.3349026712200674,0.048117287547486155
12,0.0031622776601683794,0.29761282953155377,0.03455140714366314
12,0.01,0.295186062589167,0.029979204482371638
12,0.03162277660168379,0.35021097229641923,0.02560832967179008
12,0.1,0.5094758676014909,0.027277052582721537
12,0.31622776601683794,0.90622043247785,0.048031282530524994
12,1.0,1.9342606917441156,0.07822825627564911
12,3.1622776601683795,4.439523096863865,0.11832545259012417
12,10.0,9.43390678568893,0.34862441337530975
13,1e-06,1.0128060144606827,0.16864979097072216
13,3.162277660168379e-06,0.8586915762710703,0.19301100117842487
13,1e-05,0.7518090099172627,0.23807916483183456
13,3.1622776601683795e-05,0.6376057869389984,0.21372925637346404
13,0.0001,0.5212737027960351,0.15135503647762477
13,0.00031622776601683794,0.42662775836611483,0.09338268062098984
13,0.001,0.3552224317987349,0.05358949307090478
13,0.0031622776601683794,0.30849796793062134,0.032483051360582896
13,0.01,0.2987874711982331,0.026108763227275848
13,0.03162277660168379,0.34848908709974535,0.024472096455828433
13,0.1,0.4974057815460554,0.03048320802625795
13,0.31622776601683794,0.838400147552464,0.05057103621648011
13,1.0,1.7191699525722892,0.0761521289263221
13,3.1622776601683795,4.01448984001008,0.13307338170785044
13,10.0,8.714786417961719,0.3299325341331577
14,1e-06,1.59080401454594,0.29609039419525374
14,3.162277660168379e-06,1.174747991197382,0.28872339679261033
14,1e-05,0.946639162448651,0.30072424057069463
14,3.1622776601683795e-05,0.7602413011537259,0.2669128492353166
14,0.0001,0.6079975129233665,0.2014349753143095
14,0.00031622776601683794,0.5032237994603095,0.14431395642242117
14,0.001,0.42160537517796126,0.09631388255330085
14,0.0031622776601683794,0.35200743029658044,0.053675527388935114
14,0.01,0.3146709519387162,0.028750055243887383
14,0.03162277660168379,0.3427157097570576,0.02493600482323019
14,0.1,0.47453998590463325,0.025780482984701748
14,0.31622776601683794,0.7959655977714853,0.035926886489156803
14,1.0,1.610157166091195,0.053977778947855486
14,3.1622776601683795,3.696236319737319,0.10505275750012565
14,10.0,8.000518093359766,0.30621331399449464
